"https://freebeacon.com/issues/dems-reject-gun-violence-bill-as-shootings-surge-in-baltimore/", 2
"https://www.washingtonexaminer.com/opinion/trump-administration-is-so-homophobic-that-it-just-rolled-back-the-ban-on-gay-men-giving-blood", 1
"https://www.aljazeera.com/news/2020/03/gantz-angers-supporters-israel-moves-unity-government-200327182626642.html", -1
"https://www.cnn.com/2020/03/31/politics/red-states-blue-cities-coronavirus/index.html", -1
"https://www.washingtonpost.com/politics/2020/03/23/china-is-reporting-big-successes-coronavirus-fight-dont-trust-numbers/", -1
"https://thehill.com/opinion/campaign/469204-the-tea-party-has-died-of-hypocrisy", -1
"https://www.washingtonpost.com/health/oklahoma-files-suit-against-three-major-opioid-distributors/2020/01/13/6b01d05e-3629-11ea-bb7b-265f4554af6d_story.html", -1
"https://chicago.suntimes.com/columnists/2020/3/24/21192192/release-many-behind-bars-to-slow-virus-spread", -2
"https://www.nytimes.com/2020/04/03/nyregion/coronavirus-nyc-landlord-mario-salerno.html", -1
"https://www.cnsnews.com/article/national/michael-w-chapman/idaho-gov-signs-law-barring-biological-males-transgenders-female", 2
"https://dailycaller.com/2020/03/11/media-ignore-bernie-sanders-imam-comments/", 2
"https://www.marketwatch.com/story/more-democrats-than-republicans-fear-financial-ruin-from-coronavirus-and-young-americans-say-theyre-being-hardest-hit-2020-04-09?mod=home-page", 1
"https://www.washingtonexaminer.com/news/target-america-iran-to-abandon-nuclear-deal-and-step-up-uranium-enrichment", 1
"https://www.theblaze.com/news/ohios-ag-ordered-pause-on-abortion-to-save-medical-equipment--but-most-providers-will-keep-doing-them-anyway", 2
"https://news.vice.com/en_us/article/neaapg/the-trump-administration-is-bringing-back-federal-executions-after-more-than-15-years", -2
"https://www.washingtonpost.com/news/powerpost/wp/2016/10/13/will-decriminalization-solve-the-drug-scourge/", -1
"https://www.cnn.com/2020/01/28/politics/donald-trump-benjamin-netanyahu-middle-east-plan/index.html", -1
"https://www.theatlantic.com/politics/archive/2020/03/kushner-coronavirus-testing-oscar-company/609139/", -1
"https://www.westernjournal.com/chiefs-superstar-travis-kelce-thrilled-unique-opportunity-visit-white-house/", 2
"http://www.salon.com/2015/05/13/our_food_system_is_still_a_toxic_mess_mark_bittman_on_changing_the_way_america_eats/", -2
"https://www.washingtonpost.com/us-policy/2020/04/08/pelosi-schumer-coronavirus-economy-trump/", -1
"https://www.politico.com/news/2020/03/01/federal-judge-cuccinelli-appointment-unlawful-118477", -1
"https://www.nationalreview.com/2019/12/family-forward-conservatism-could-be-the-future/", 2
"https://www.cnn.com/2020/03/18/politics/mario-diaz-balart-coronavirus/index.html", -1
"https://www.washingtonpost.com/business/economy/confidential-draft-irs-memo-says-tax-returns-must-be-given-to-congress-unless-president-invokes-executive-privilege/2019/05/21/8ed41834-7b1c-11e9-8bb7-0fc796cf2ec0_story.html?utm_term=.9d2dc590785d", -1
"https://www.miamiherald.com/news/politics-government/state-politics/article240519076.html", -1
"https://townhall.com/tipsheet/leahbarkoukis/2019/12/26/trumps-warning-to-california-governor-about-homeless-crisis-n2558536", 2
"http://motherjones.com/politics/2020/02/trump-isnt-waging-a-war-on-poverty-hes-waging-a-war-on-poor-people/", -2
"https://townhall.com/tipsheet/leahbarkoukis/2020/02/07/report-treasury-dept-sends-sensitive-financial-records-on-hunter-biden-to-gop-senators-n2560932", 2
"https://www.cnn.com/2020/03/24/sport/olympics-postponement-tokyo-2020-spt-intl/index.html", -1
"https://www.breitbart.com/politics/2020/04/05/democrat-kentucky-governor-vetoes-mandatory-voter-id-2020-election/", 2
"https://www.propublica.org/article/what-is-the-earned-income-tax-credit-eitc-and-do-i-qualify-for-it", -1
"https://www.bostonherald.com/2020/04/01/coronavirus-unemployment-benefits-heres-what-you-need-to-know/", 1
"https://reason.com/video/the-coronavirus-testing-debacle-stems-from-decades-of-bad-fda-policy/", 1
"https://www.washingtonexaminer.com/opinion/editorials/bernie-sanders-the-god-who-failed", 1
"https://freebeacon.com/media/new-york-times-biden-kavanaugh/", 2
"https://www.washingtonexaminer.com/policy/energy/centrist-democrats-break-with-liberals-to-join-gop-on-climate-change-down-payment-plan", 1
"https://www.post-gazette.com/news/social-services/2020/01/13/Proposed-Social-Security-disability-changes-recipients-pittsburgh/stories/202001070127", 1
"https://www.nationalreview.com/news/coronavirus-crisis-federal-agency-shipped-face-masks-overseas-as-veterans-affairs-hospital-rationed-them-report/", 2
"https://www.msnbc.com/stephanie-ruhle/watch/pensacola-employee-describes-scene-outside-naval-base-after-mass-shooting-74627141937", -2
"https://www.theamericanconservative.com/state-of-the-union/trumps-new-attack-on-campus-anti-semitism-will-chill-speech/", 1
"https://www.usatoday.com/story/opinion/policing/spotlight/2020/03/12/mlk-iii-execution-shows-little-progress-since-bloody-sunday/5013903002/", -1
"https://www.statesman.com/news/20200226/court-upholds-texasrsquo-winner-take-all-system-of-electoral-votes-for-president", -1
"https://www.vox.com/science-and-health/2017/12/7/16587316/bariatric-surgery-weight-loss-lap-band", -2
"https://www.cnn.com/2020/02/21/politics/bernie-sanders-russia-election-interference/index.html", -1
"https://www.washingtonexaminer.com/news/bernie-sanders-endorses-joe-biden", 1
"https://www.washingtontimes.com/news/2020/mar/23/inside-the-beltway-americans-woke-to-democrats-cun/", 1
"https://www.cbsnews.com/news/harvard-freshman-palestinian-student-rejected-by-cbp-border-protection-officer-at-boston-logan-airport/", -1
"https://www.nbcnews.com/news/us-news/federal-appeals-court-rules-against-trump-two-major-immigration-cases-n1145141", -1
"https://www.vox.com/2020/4/12/21218336/coronavirus-trump-economy-reopen-social-distancing-end-soon", -2
"https://www.marketwatch.com/story/abbott-labs-gets-fda-green-light-to-ship-coronavirus-tests-2020-03-18", 1
"https://slate.com/news-and-politics/2020/03/prisoner-survey-politics-2020.html", -2
"https://www.cnn.com/2020/03/21/politics/fact-check-joe-biden-gun-control/index.html", -1
"https://www.washingtonpost.com/media/2020/03/27/poll-finds-americans-disapprove-medias-handling-coronavirus-its-same-polarized-picture-ever/", -1
"https://www.politico.com/news/2020/04/16/small-business-loan-nearly-depleted-congress-189931", -1
"https://www.washingtonexaminer.com/news/wuhan-coronavirus-death-toll-jumps-50-after-china-reviews-data", 1
"https://www.dailywire.com/news/breaking-second-nba-player-tests-positive-for-coronavirus-players-cite-teammates-careless-behavior", 2
"https://www.nationalreview.com/news/john-bolton-willing-to-testify-in-impeachment-trial-if-subpoenaed/", 2
"https://www.washingtonpost.com/business/2019/12/02/have-you-received-one-those-social-security-scam-calls-theres-new-way-report-it/", -1
"https://www.aljazeera.com/news/2020/01/trump-expanded-travel-ban-countries-affected-200131212513800.html", -1
"https://abcnews.go.com/Politics/federal-prosecutors-examining-contacts-giuliani-rep-bob-livingston/story?id=66688662&cid=social_twitter_abcnp", -1
"https://www.cnn.com/2020/03/21/politics/february-fec-filings-2020-presidential-campaign/index.html", -1
"https://ijr.com/border-patrol-arrests-decreased-eight-straight-months/", 1
"https://www.theamericanconservative.com/articles/tom-drake-the-nsa-whistleblower-cheney-wanted-to-fry/", 1
"https://www.newsmax.com/newsfront/virus-outbreak-israel/2020/03/21/id/959359/", 1
"https://www.foxnews.com/politics/trump-coronavirus-guidelines-15-days-crisis-summer-recession", 1
"https://www.wsj.com/articles/controlling-the-virus-narrative-11584899715", 1
"https://www.breitbart.com/border/2020/02/28/mexican-president-amlo-60-percent-of-cartel-victims-were-drunks/", 2
"https://www.newsmax.com/andrewnapolitano/first-amendment-ellsberg-pentagon/2020/02/26/id/955901/", 2
"https://dailycaller.com/2020/04/11/former-joe-biden-staffer-tara-reade-criminal-complaint/", 2
"https://www.vice.com/en_us/article/qjdza5/big-telecom-say-it-has-first-amendment-right-to-sell-your-private-data", -2
"https://www.theblaze.com/news/gay-dads-appear-on-disneys-kids-cartoon-ducktales-producer-says-relevant-lgbtq-narratives-are-in-the-works", 2
"https://www.rawstory.com/2020/04/trumps-re-election-campaign-suggests-donations-will-help-president-fight-coronavirus/", -2
"https://www.vice.com/en_us/article/wxebjb/40-americans-are-dying-every-month-from-taking-this-new-legal-opioid", -2
"https://www1.cbn.com/cbnnews/us/2020/february/school-district-vows-to-disrupt-the-gender-binary-allowing-kids-to-go-trans-without-telling-parents", 2
"https://townhall.com/tipsheet/katiepavlich/2020/04/07/breaking-trump-wants-a-hold-on-who-funding-n2566530", 2
"https://www.cbsnews.com/news/dan-brouillette-confirmed-secretary-us-department-of-energy-today-2019-12-02/", -1
"https://www.marketwatch.com/story/johnson-johnsons-stock-surge-lifts-the-dow-into-positive-territory-after-baby-powder-tests-show-no-asbestos-2019-10-30?mod=home-page", 1
"https://www.cbsnews.com/live-updates/iran-plane-crash-iranians-deny-us-claims-missile-shot-down-ukrainian-plane-today-2020-01-10-live-updates/", -1
"https://theintercept.com/2020/04/13/coronavirus-lockdown-domestic-violence/", -2
"https://www.nytimes.com/2019/09/26/us/politics/who-is-whistleblower.html?campaign_id=60&instance_id=0&segment_id=17384&user_id=3154de4756231a971cc896fe10ac5461®i_id=73626606ing-news", -1
"https://www.cnn.com/2020/03/27/politics/coronavirus-stimulus-house-vote/index.html", -1
"https://www.thenation.com/article/society/homeless-coronavirus-portland/", -2
"https://www.nytimes.com/interactive/2020/03/06/opinion/working-class-death-rate.html", -2
"https://news.yahoo.com/what-is-chs-cannabinoid-hyperemesis-syndrome-marijuana-vomiting-hot-showers-110007595.html", -1
"https://www.buzzfeednews.com/article/emaoconnor/churches-easter-services-coronavirus-outbreak", -2
"https://www.washingtonexaminer.com/news/durham-scrutinizing-four-key-figures-in-trump-russia-investigation", 1
"https://townhall.com/tipsheet/mattvespa/2020/04/14/look-what-we-have-here-hunter-biden-still-a-board-member-of-chinese-company-he-said-he-resigned-from-n2566942", 2
"https://www.nationalreview.com/2020/04/an-easter-people-now-more-than-ever/", 2
"https://www.theblaze.com/news/gov-whitmer-hit-with-multiple-lawsuits-from-michigan-residents-over-draconian-pandemic-orders", 2
"https://www.dailywire.com/news/this-did-not-have-to-happen-mcconnell-mccarthy-blast-democrats-for-blocking-funds-for-small-businesses", 2
"https://www.vice.com/en_us/article/y3mgzb/looks-like-north-korea-is-preparing-a-christmas-gift-for-the-us-at-its-long-range-missile-site", -2
"https://www.washingtonpost.com/politics/trump-gop-challenge-efforts-to-make-voting-easier-amid-coronavirus-pandemic/2020/04/04/61f889fe-75bb-11ea-87da-77a8136c1a6d_story.html", -1
"https://nypost.com/2020/04/15/trump-threatens-to-declare-congress-adjourned-to-make-recess-appointments/", 2
"https://www.newsmax.com/headline/johnbolton-warned-giuliani-ukraine/2019/10/30/id/939348/", 1
"https://dailycaller.com/2020/04/14/fox-news-motion-dismiss-lawsuit-washlite-coronavirus-coverage/", 2
"https://www.nytimes.com/2020/02/13/us/politics/border-wall-funds-pentagon.html", -1
"https://www.nytimes.com/2020/03/09/world/asia/north-korea-sanctions.html", -1
"https://www.washingtontimes.com/news/2020/mar/16/supreme-court-postpones-oral-arguments-march-part-/", 1
"https://www.thecollegefix.com/stanford-epidemiologist-who-warned-about-bad-covid-data-finds-low-fatality-rate-even-in-hotbeds/", 2
"https://www.thedailybeast.com/dem-pro-israel-group-goes-on-air-in-nevada-attacking-sanders?ref=wrap", -2
"https://www.cbsnews.com/news/commentary-what-ronny-jackson-reveals-about-our-politics/", -1
"https://chicago.suntimes.com/columnists/2019/12/16/21025153/jesse-jackson-trump-republicans-impeachment-trial-house-of-represenatives-2020", -2
"https://www.newsweek.com/msnbcs-rachel-maddow-responds-trumps-interview-praise-did-anyone-show-you-rest-show-1494812", -1
"https://www.washingtonexaminer.com/opinion/why-the-trump-russia-intelligence-report-doesnt-quite-add-up", 1
"https://www.newsmax.com/newsfront/ken-buck-ar-15-rifle-video/2020/03/06/id/957275/", 1
"https://freebeacon.com/issues/gun-rights-group-files-suit-challenging-coronavirus-shutdown/", 2
"https://www.nytimes.com/2020/04/13/business/media/joe-biden-tara-reade-new-york-times.html", -1
"https://www.politico.com/news/2020/02/13/hope-hicks-returns-to-white-house-114826", -1
"https://www.newsmax.com/politics/nsa-obrien-soleimani-plot/2020/01/07/id/948689/", 1
"https://www.bet.com/news/national/2020/03/06/alabama-executes-nathaniel-woods-despite-pleas-for-stay.html", -1
"https://www.nytimes.com/2020/04/16/opinion/coronavirus-medical-training.html", 1
"https://www.foxnews.com/politics/trump-fires-michael-atkinson-intelligence-ig-who-told-congress-about-ukraine-phone-call-report", 1
"https://thefederalist.com/2020/04/09/celebrities-organize-major-benefit-for-china-complicit-who/", 2
"https://www.washingtonpost.com/politics/2020/03/15/fact-checking-11th-democratic-primary-debate/", -1
"https://dailycaller.com/2020/03/18/hydroxychloroquine-coronavirus-covid19-cure-study/", 2
"https://www.newsmax.com/us/coronavirus-covid19-military/2020/03/30/id/960635/", 1
"https://www.foxnews.com/great-outdoors/coronavirus-pandemic-national-park-service-social-distance", 1
"https://www.dailywire.com/news/mexico-now-considering-shutting-border-with-united-states-over-coronavirus", 2
"https://www.washingtonexaminer.com/news/pentagon-announces-the-suspension-of-military-exercises-on-the-korean-peninsula", 1
"https://www.salon.com/2020/01/27/follow-the-money-on-impeachment-trump-bought-off-the-jury--and-hints-at-bigger-tax-cuts/", -2
"https://www.newsbusters.org/blogs/nb/tim-graham/2020/04/15/column-bidens-protective-political-calculators", 2
"https://www.newsmax.com/patrickbuchanan/nation-tribe-country/2020/04/07/id/961673/", 2
"https://reason.com/2020/03/11/a-compromise-bill-on-domestic-surveillance-reform-aims-to-do-just-enough-to-shut-trump-up/", 1
"https://www.breitbart.com/politics/2020/04/08/joe-biden-cant-wait-to-work-with-bernie-sanders-on-building-progressive-future/", 2
"https://thefederalist.com/2019/11/18/joe-biden-shies-away-from-endorsing-federal-marijuana-legalization/", 2
"https://reason.com/2020/04/02/trump-should-forget-iran-america-has-a-pandemic-to-handle/", 1
"http://www.washingtontimes.com/news/2015/dec/24/conservative-activists-set-sights-paul-ryan-2016/", 1
"https://slate.com/news-and-politics/2020/03/new-abortion-tactic-aims-against-doctors.html", -2
"https://www.breitbart.com/the-media/2019/12/27/blue-state-blues-a-decade-of-fake-news/", 2
"https://thetexan.news/rep-dan-crenshaws-bill-prohibiting-drone-sales-with-china-passes-house/", 1
"https://www.newsmax.com/newsfront/virginia-confederate-holiday-election-day/2020/02/07/id/953140/", 1
"https://time.com/5754054/first-christmas-politics/", -1
"https://www.washingtontimes.com/news/2020/apr/8/immigrants-coronavirus-pandemic-essential-economy/", 1
"https://www.theatlantic.com/politics/archive/2020/04/easter-during-coronavirus/609703/", -1
"https://www.washingtonexaminer.com/news/dhs-applauds-mexico-for-rebuffing-thousands-of-illegal-migrants-from-central-america", 1
"https://www.cnn.com/2020/04/16/us/coronavirus-education-colleges-fall-semester/index.html", -1
"https://townhall.com/tipsheet/bethbaumann/2020/02/24/liberal-ninth-circuit-upholds-trump-admins-rules-on-abortion-funding-n2561829", 2
"https://www.washingtonexaminer.com/opinion/raise-a-st-patricks-day-glass-to-wild-bill-donovan-the-greatest-irish-american", 1
"https://reason.com/video/how-china-corrupted-the-world-health-organizations-response-to-covid-19/", 1
"https://www.cbsnews.com/live-updates/coronavirus-disease-covid-19-latest-news-2020-03-31/", -1
"https://www.wsj.com/articles/the-navy-captain-and-the-coronavirus-11585955473", 1
"https://factcheck.thedispatch.com/p/do-40-percent-of-americans-have-less", 1
"https://www.washingtontimes.com/news/2020/feb/14/15-year-old-trump-supporter-traumatized-after-man-/", 1
"https://www.politico.com/states/florida/story/2020/04/13/soros-backed-group-begins-work-in-floridas-i-4-corridor-1275403", -1
"https://www.aljazeera.com/programmes/newsfeed/2020/04/indian-migrant-workers-sprayed-disinfectant-chemical-200406104936658.html", -1
"http://www.washingtonexaminer.com/trumps-interior-department-to-begin-issuing-elephant-trophy-hunting-permits/article/2640853", 1
"https://www.theepochtimes.com/doj-finalizes-rule-to-collect-dna-from-illegal-immigrants-detained-in-federal-custody_3262956.html", 2
"https://www.buzzfeednews.com/article/laurenstrapagiel/us-prosecutors-say-prince-andrew-isnt-cooperating-in-the", -2
"https://abovethelaw.com/2020/03/states-rights-revenge-3-key-takeaways-from-scotus-ruling-in-allen-v-cooper/", -1
"https://www.washingtonexaminer.com/policy/healthcare/kavanaugh-questions-whether-louisiana-abortion-restrictions-are-unconstitutional-in-high-profile-case", 1
"https://www.washingtonpost.com/politics/ronny-jackson-withdraws-as-trumps-nominee-to-lead-veterans-affairs/2018/04/26/5a343806-48f6-11e8-9072-f6d4bc32f223_story.html?noredirect=on&utm_term=.2ec4a8922998", -1
"https://www.propublica.org/article/trump-inc-podcast-donald-trump-jr-went-to-mongolia-got-special-treatment-from-the-government-and-killed-an-endangered-sheep", -1
"https://www.theguardian.com/world/2019/sep/07/tehran-warns-time-is-running-out-to-save-iran-nuclear-deal", -1
"https://www.bet.com/news/national/2020/01/06/three-americans-killed-in-terror-attack-on-u-s--military-base-in.html", -1
"https://www.mediaite.com/news/twitter-deletes-post-from-the-federalist-proposing-chickenpox-parties-to-deliberately-spread-coronavirus/", -1
"https://www.nbcnews.com/science/environment/australia-wildfires-unleash-millions-tons-carbon-dioxide-n1120186", -1
"https://www.nationalreview.com/news/pompeo-announces-u-s-will-not-consider-israeli-settlements-illegal/", 2
"https://www.cnn.com/2020/04/12/politics/virginia-election-day-holiday-early-voting/index.html", -1
"https://www.foxnews.com/politics/rallies-to-reopen-economy-spread-across-country-as-officials-urge-caution-to-prevent-coronavirus-resurgence", 1
"https://www1.cbn.com/cbnnews/israel/2019/november/christian-ceos-worldwide-gear-up-to-humiliate-bds-by-investing-millions-in-israeli-businesses", 2
"https://www.foxnews.com/media/mark-levin-slams-ukraine-whistleblower-trump-complaint", 1
"https://www.washingtonexaminer.com/opinion/outrage-over-trump-calling-coronavirus-the-chinese-virus-says-a-lot-about-critics-biases", 1
"https://www1.cbn.com/cbnnews/us/2020/march/difficult-days-ahead-my-pillow-ceo-joins-trump-at-white-house-calling-americans-to-turn-to-god-and-the-bible", 2
"https://www.vox.com/2020/4/6/21211378/supreme-court-coronavirus-voting-rights-disenfranchise-rnc-dnc", -2
"https://www.huffpost.com/entry/bill-wehrum-epa-air-pollution-ethics-probe_n_5d138699e4b09ad014f9330d?ncid=NEWSSTAND0001", -2
"https://www.buzzfeednews.com/article/salvadorhernandez/coronavirus-trump-mnuchin-1000-check-economy", -2
"https://www.cnn.com/2020/03/10/politics/joe-biden-auto-worker-michigan/index.html", -1
"https://www.newsweek.com/russia-lashes-out-us-turkey-israel-clashes-syria-1487030", -1
"https://nypost.com/2020/03/24/how-to-safely-order-takeout-and-delivery-food-during-coronavirus-lockdown/", 2
"https://nypost.com/2019/12/06/pensacola-shooter-identified-as-saudi-national-in-us-for-aviation-training/", 2
"https://www.washingtonexaminer.com/news/doj-memo-shows-clinton-obama-and-trump-donors-shady-foreign-campaign-finance-schemes", 1
"https://www.thedailybeast.com/coronavirus-fears-include-us-running-out-of-groceries-under-lockdown-should-they?ref=home", -2
"https://www.washingtonpost.com/politics/2020/02/18/why-did-trump-just-pardon-former-owner-49ers-part-because-he-wants-win-ohio/", -1
"http://www.washingtontimes.com/news/2013/dec/2/bovard-obamas-obesity-epidemic/", 1
"https://abcnews.go.com/Health/coronavirus-live-updates-cuomo-calls-stimulus-bill-reckless/story?id=69806200&cid=clicksource_4380645_4_heads_hero_live_hero_related", -1
"https://www.washingtontimes.com/news/2018/aug/9/judge-approves-35-million-settlement-irs-tea-party/", 1
"https://www1.cbn.com/cbnnews/us/2020/february/9th-circuit-rules-no-right-to-privacy-in-or-trans-bathroom-case-three-girls-sue-ct-over-trans-athletes-policy", 2
"https://townhall.com/tipsheet/guybenson/2019/10/23/no-hillary-was-not-exonerated-on-her-emails-n2555164", 2
"https://www.washingtonexaminer.com/news/army-base-medical-tech-pleaded-guilty-in-scheme-that-stole-millions-from-disabled-and-elderly-veterans", 1
"https://www.breitbart.com/europe/2020/04/10/brexit-uk-us-trade-talks-postponed-because-coronavirus/", 2
"https://townhall.com/tipsheet/leahbarkoukis/2020/03/27/fauci-you-have-the-private-sector-to-thank-for-wuhan-coronavirus-tests-not-the-govt-system-n2565830", 2
"https://www.theguardian.com/world/2020/mar/28/joe-biden-sexual-assault-allegations-why-has-media-ignored-claims", -1
"https://www.washingtonexaminer.com/news/asian-american-cbs-reporter-rips-trump-tweet-urging-the-public-not-to-blame-asians-for-the-coronavirus", 1
"https://www.politico.com/news/2020/04/14/coronavirus-chinese-lab-inconclusive-186408", -1
"https://www.aljazeera.com/news/2020/02/citizenship-law-protests-india-trump-visit-200223184152816.html", -1
"https://www.theatlantic.com/ideas/archive/2020/02/evidence-conservative-students-really-do-self-censor/606559/", -1
"https://www.washingtonexaminer.com/policy/defense-national-security/g-20-leaders-tout-5-trillion-in-coronavirus-relief-but-fears-of-multiple-debt-crises-mount", 1
"https://www.aljazeera.com/ajimpact/female-genital-mutilation-economically-empower-women-200206192305828.html", -1
"https://www.marketwatch.com/story/census-day-is-wednesday-coronavirus-means-college-towns-will-be-undercounted-2020-03-31", 1
"https://www.politico.com/news/2020/03/25/senate-vote-coronavirus-rescue-package-deal-148135", -1
"https://www.nytimes.com/2020/02/08/us/trump-impeachment-wisconsin-republicans.html", -1
"https://www.theguardian.com/music/2020/feb/27/jay-z-files-second-lawsuit-against-barbaric-mississippi-prison", -1
"https://www.breitbart.com/clips/2020/04/12/fauci-china-gave-misinformation-to-the-world-virus-erupted-in-mid-december/", 2
"https://dailycaller.com/2020/03/04/michael-bloomberg-joe-biden-trump/", 2
"https://nypost.com/2020/04/02/amazon-execs-discussed-plans-to-smear-worker-report/", 2
"https://www.nytimes.com/2020/04/10/business/coronavirus-vaccine-nationalism.html", -1
"http://www.foxnews.com/politics/2018/04/30/south-korean-president-trump-should-win-nobel-peace-prize.html", 1
"https://www.motherjones.com/crime-justice/2020/03/jackie-lacey-george-gascon-rachel-rossi-los-angeles-black-lives-matter-district-attorney-police-use-of-force/", -2
"https://www.marketwatch.com/story/cannabis-companies-rally-for-a-second-day-ahead-of-historic-vote-that-would-lift-federal-ban-on-weed-2019-11-20?mod=home-page", 1
"https://www.politico.com/news/2020/03/15/biden-woman-vice-president-131309", -1
"https://www.latimes.com/california/story/2020-04-08/california-releases-limited-racial-breakdown-of-coronavirus-patients-deaths", -1
"https://www.washingtonexaminer.com/news/muhammad-becomes-a-top-10-name-for-american-babies", 1
"https://www.economist.com/graphic-detail/2020/01/13/investors-rush-to-bring-weed-to-the-masses", -1
"https://www.washingtontimes.com/news/2020/mar/30/fda-gives-emergency-approval-antimalarial-drugs-tr/", 1
"https://www1.cbn.com/cbnnews/politics/2020/february/house-attempts-last-ditch-effort-to-revive-era-why-critics-say-it-does-more-harm-than-good", 2
"https://www.latimes.com/entertainment-arts/music/story/2020-04-07/john-prine-singer-songwriter-coronavirus", -1
"https://www.latimes.com/lifestyle/story/2020-04-14/coronavirus-tips-quarantine-health-wellness-resources", -1
"https://www.nytimes.com/2020/04/09/dining/farm-to-table-coronavirus.html?action=click&module=Top%20Stories&pgtype=Homepage", -1
"https://www.rawstory.com/2020/04/did-lindsey-graham-just-violate-the-14th-amendment-during-an-appearance-on-fox-news/", -2
"https://www.nydailynews.com/opinion/ny-edit-state-of-the-union-what-trump-should-say-20200204-uywdckw5xfcotjwzkhzndgcs2y-story.html", -2
"https://www.motherjones.com/environment/2020/02/the-biggest-municipal-solar-farm-in-the-us-is-coming-to-cincinnati/", -2
"https://townhall.com/columnists/walterewilliams/2020/04/08/manipulation-through-racial-hoaxes-n2566520", 2
"https://www.nationalreview.com/news/ny-times-editor-says-biden-sexual-assault-article-was-edited-after-his-campaign-complained/", 2
"https://www.washingtonpost.com/lifestyle/style/andrew-cuomo-during-the-covid-19-crisis-is-the-same-as-ever-with-one-big-difference-people-like-him/2020/03/28/11a89a0a-6fd7-11ea-b148-e4ce3fbd85b5_story.html", -1
"https://chicago.suntimes.com/columnists/2020/4/13/21219740/jesse-jackson-coronavirus-covid-19-african-americans", -2
"https://www.aljazeera.com/news/2020/04/indian-doctors-face-censorship-attacks-fight-coronavirus-200410063124519.html", -1
"https://www.vox.com/first-person/2020/1/17/21070351/meghan-markle-prince-harry-leaving-royal-family-uk-racism", -2
"https://www.foxnews.com/politics/white-house-pushes-two-rounds-of-direct-cash-payments-in-massive-coronavirus-response", 1
"https://www.vice.com/en_us/article/epg9wj/idaho-governor-signs-2-bills-into-law-denying-trans-people-basic-rights", -2
"https://time.com/5635787/executions-death-penalty-reaction-opponents/", -1
"https://www.theblaze.com/news/pope-francis-uses-easter-message-to-push-socialist-policy-of-universal-basic-income", 2
"https://www.glaad.org/blog/fda-revises-its-ban-gay-and-bisexual-men-donating-blood-following-pressure-glaad-medical", -1
"https://www.washingtonpost.com/politics/2020/01/02/trump-gave-north-korea-sugar-iran-vinegar-neither-looks-be-working/", -1
"https://www.nbcnews.com/news/nbcblk/anniversary-mlk-s-death-his-words-are-more-relevant-ever-n1175911?cid=sm_npd_nn_tw_ma", -1
"https://www.nationalreview.com/2019/12/trump-foreign-policy-momentum-china-iran-north-korea/", 1
"https://www.aljazeera.com/news/2020/04/exclusive-ehsanullah-ehsan-pakistan-taliban-spokesman-200403075526508.html", -1
"https://www.breitbart.com/politics/2020/04/15/fact-check-stimulus-checks-not-being-held-up-for-donald-trumps-name/", 2
"https://nypost.com/2019/12/30/donald-trump-barack-obama-tied-as-most-admired-man-in-gallup-poll/", 2
"https://www.washingtonexaminer.com/news/jobless-claims-hovered-at-5-2-million-last-week-over-21-million-have-filed-for-unemployment-in-pandemic", 1
"https://www.thedailybeast.com/donald-trump-hater-of-parasite-has-the-absolute-worst-taste-in-movies", -2
"https://dailycaller.com/2019/12/03/scotus-daniel-lee-death-penalty/", 2
"https://www.washingtonexaminer.com/news/congress-under-pressure-to-rush-money-out-the-door-to-households-to-prevent-deep-coronavirus-recession", 1
"https://www.cnn.com/2020/04/16/politics/what-matters-april-16/index.html", -1
"https://www.washingtontimes.com/news/2020/mar/18/china-knew-years-bats-caused-disease-yet-left-wild/", 1
"https://nypost.com/2020/04/02/mitch-mcconnell-halts-push-for-phase-4-coronavirus-aid-bill/", 2
"https://dailycaller.com/2020/03/23/twitter-china-coronavirus-violations/", 2
"https://www.marketwatch.com/story/shuttered-schools-plunging-milk-demand-led-to-race-among-dairy-farmers-to-tap-small-business-rescue-program-before-funding-ran-out-2020-04-16?mod=newsviewer_click", 1
"https://www.nytimes.com/2020/04/09/business/online-learning-virus.html", -1
"https://www.theguardian.com/us-news/2020/apr/10/wisconsin-voter-restrictions-democracy-coronavirus-primary", -1
"https://nypost.com/2019/06/29/trump-lands-in-south-korea-ahead-of-possible-meeting-with-kim-jong-un/", 2
"https://townhall.com/tipsheet/mattvespa/2020/03/10/why-airlines-are-flying-scores-of-ghost-flights-during-wuhan-virus-outbreak-n2564326", 2
"https://www.nytimes.com/2020/01/10/us/politics/russia-hacking-disinformation-election.html?action=click&module=Top%20Stories&pgtype=Homepage", -1
"https://www.newsmax.com/patrickbuchanan/wartime-president-self-isolation/2020/03/20/id/959185/", 2
"https://www.dailywire.com/news/a-message-for-christians-all-over-the-world-isis-executes-11-christians-in-nigeria", 2
"https://www.nationalreview.com/2020/03/coronavirus-crisis-political-media-failing-america/", 2
"https://www.dailymail.co.uk/sciencetech/article-7811595/267-million-Facebook-users-IDs-names-phone-numbers-exposed-online-unsecured-database.html", 2
"https://nypost.com/2020/03/14/man-busted-with-andrew-gillum-in-hotel-room-with-meth-was-gay-escort/", 2
"https://www.breitbart.com/politics/2020/02/26/mike-bloomberg-having-gun-your-home-puts-you-risk/", 2
"http://www.nytimes.com/roomfordebate/2015/08/24/should-birthright-citizenship-be-abolished", -1
"https://www.nationalreview.com/news/surgeon-general-rejects-supervised-injection-sites-safer-doesnt-mean-safe/", 2
"https://www.cnn.com/2020/02/21/politics/donald-trump-russia-2020-election/index.html", -1
"https://www.vice.com/en_us/article/pkembz/jessica-cisneros-vs-henry-cuellar-texas-democratic-primary", -2
"https://www.motherjones.com/environment/2020/04/medical-staffing-companies-owned-by-rich-investors-cut-doctor-pay-and-now-want-bailout-money/", -2
"https://abcnews.go.com/Politics/coronavirus-government-response-updates-deal-close-stimulus-trump/story?id=69768265", -1
"https://www.rawstory.com/2019/12/watch-anderson-cooper-own-one-of-trumps-biggest-hollywood-supporters-during-nye-special/", -2
"https://reason.com/2020/04/17/the-coronavirus-has-exposed-governmental-failures-it-might-also-offer-hope-for-change/", 1
"https://www.cnn.com/2020/01/14/tech/nsa-microsoft-patch/index.html", -1
"https://slate.com/news-and-politics/2019/12/u-s-recalls-zambia-ambassador-foote-criticism-corruption-anti-gay.html", -2
"https://www.huffpost.com/entry/trump-auto-emissions_n_5e834685c5b6d38d98a50868", -2
"https://townhall.com/tipsheet/leahbarkoukis/2020/03/26/biden-makes-bizarre-false-claim-about-what-he-did-after-senate-n2565765", 2
"https://www.latimes.com/california/story/2020-04-15/gavin-newsom-california-coronavirus-help-unemployment-independent-contractors-immigrants", -1
"https://www.theguardian.com/us-news/2020/feb/03/this-was-supposed-to-be-reparations-why-is-las-cannabis-industry-devastating-black-entrepreneurs", -1
"https://www.washingtonexaminer.com/news/us-sanctions-russian-energy-giant-doing-business-with-maduro", 1
"https://www.breitbart.com/economy/2020/03/15/fact-check-biden-claims-trump-tax-cuts-left-u-s-unable-to-afford-coronavirus-economic-rescue/", 2
"https://www.nationalreview.com/news/trump-guidelines-to-reopen-economy-will-let-states-decide-the-buck-stops-with-the-governors/", 2
"https://www.nationalreview.com/2020/04/coronavirus-relief-federal-reserve-lending-criteria-businesses-needs-fixing/", 2
"https://www.theguardian.com/world/2020/mar/19/how-you-can-help-community-during-coronavirus", -1
"https://www.aljazeera.com/news/2020/03/holdstopping-stateless-challenge-india-citizenship-law-200312071917304.html", -1
"https://publicintegrity.org/health/coronavirus-and-inequality/a-likely-but-hidden-coronavirus-risk-factor-pollution/", -1
"https://nypost.com/2020/04/15/coronavirus-etiquette-your-guide-to-work-friends-food-shopping-and-more/", 2
"https://www.economist.com/business/2020/03/21/much-of-global-commerce-has-ground-to-a-halt", -1
"https://ijr.com/schumer-letter-russia-election-meddling-reports/", 1
"https://www.cnn.com/2020/04/03/politics/trump-fires-inspector-general-michael-atkinson/index.html", -1
"https://www.usnews.com/news/best-states/slideshows/10-states-with-the-most-affordable-housing", -1
"https://dailycaller.com/2020/04/04/newsom-millions-illegal-aliens-business-owners-coronavirus-stimulus/", 2
"https://www.washingtontimes.com/news/2020/mar/22/trump-provides-maximum-flexibility-use-national-gu/", 1
"https://www.post-gazette.com/news/education/2020/03/27/Josh-Shapiro-pa-attorney-general-Letitia-James-lobby-federal-student-loan-relief-coronavirus-covid-19/stories/202003270119", 1
"https://www.nytimes.com/2020/04/14/us/politics/obama-biden-democratic-primary.html", -1
"https://www.newyorker.com/news/campaign-chronicles/voting-in-the-time-of-coronavirus-social-distancing", -2
"https://www.breitbart.com/2020-election/2020/04/13/bernie-sanders-political-movement-not-sold-on-biden-despite-endorsement/", 2
"https://www.politifact.com/factchecks/2020/apr/03/joe-biden/whats-true-whats-not-bidens-attacks-trump-and-gett/", -1
"https://www.newsmax.com/headline/easter-coronavirus-hotspots-pope/2020/04/12/id/962466/", 1
"https://www.theblaze.com/news/carter-page-hits-dnc-with-lawsuit", 2
"https://chicago.suntimes.com/columnists/2020/3/25/21193863/president-trump-coronavirus-pandemic-conservatism-can-help-s-e-cupp-suntimes", 1
"https://www.dailysignal.com/2020/01/06/trumps-va-chief-confronts-challenges-facing-americas-veterans/", 2
"https://www.vox.com/world/2019/12/3/20938049/brian-hook-trump-iran-maximum-pressure", -2
"https://www.motherjones.com/politics/2020/03/good-news-the-federal-government-just-made-it-a-whole-lot-easier-to-access-opioid-addiction-treatment/", -2
"https://www.cnn.com/2020/03/26/politics/venezuela-trump-administration-terrorism/index.html", -1
"https://www.motherjones.com/politics/2020/03/facebook-just-revealed-its-secret-strategy-for-taking-down-hate-groups/", -2
"https://www.washingtontimes.com/news/2019/nov/30/isis-claims-responsibility-london-bridge-attack/", 1
"https://www.motherjones.com/coronavirus-updates/2020/04/black-people-are-dying-from-covid-19-at-higher-rates-because-racism-is-a-pre-existing-condition/", -2
"https://www.washingtonexaminer.com/opinion/tension-between-fauci-and-trump-looks-like-fake-news", 1
"https://www.nytimes.com/2020/04/17/us/coronavirus-nursing-homes.html?action=click&module=Spotlight&pgtype=Homepage", -1
"https://www.bet.com/news/national/2020/03/09/experts-say-discrimination-based-on-hair-hurts-every-student.html", -1
"https://www.nationalreview.com/2020/04/new-york-times-unequal-coverage-sexual-assault-allegations-against-joe-biden-brett-kavanaugh/", 2
"https://quillette.com/2020/03/26/will-covid-19-lead-to-the-death-of-liberalism-in-europe/", 1
"https://www.politico.com/news/2020/04/02/trump-calls-on-russia-and-saudi-arabia-to-cut-oil-production-161368", -1
"https://www.cnn.com/2020/02/14/politics/andrew-mccabe-justice-department-investigation/index.html", -1
"https://www.buzzfeednews.com/article/clarissajanlim/super-tuesday-voting-tennessee-tornado?ref=bfnsplash&utm_term=4ldqpho", -2
"https://www.theatlantic.com/ideas/archive/2020/03/heres-how-fight-coronavirus-misinformation/608914/", -1
"https://www.politico.com/news/2020/04/15/coronavirus-hot-spots-farm-belt-189272", -1
"https://www.vox.com/future-perfect/2019/5/11/18537012/trump-poverty-line-chained-cpi", -2
"https://www.nationalreview.com/news/iran-denies-shooting-down-ukraine-flight-calls-for-boeing-to-investigate/", 2
"https://www.nytimes.com/2020/03/26/opinion/coronavirus-meaning.html", 1
"https://www.usnews.com/news/healthiest-communities/articles/2020-02-27/us-obesity-rate-passes-40-percent", -1
"https://www.politico.com/story/2018/05/30/trump-peter-orourke-veterans-affairs-611647", -1
"https://chicago.suntimes.com/columnists/2019/11/11/20960103/suntimes-columnists-jesse-jackson-veterans-day-wars-iraq-afghanistan-military-culutre-suicide", -2
"https://www.nbcnews.com/business/business-news/march-jobs-report-shows-loss-701-000-jobs-n1175726", -1
"http://www.washingtontimes.com/news/2014/aug/11/obama-oks-10m-help-france-fight-terrorism-africa/", 1
"https://www.newsmax.com/politics/trump-tax-returns-deadline-irs/2019/04/23/id/912991/", 1
"https://chicago.suntimes.com/2020/4/8/21213747/african-americans-coronavirus-racial-inequities-racism-bobby-rush", -1
"https://www.vox.com/2018/5/15/17263774/tea-party-trump-2018", -2
"https://www1.cbn.com/cbnnews/2020/march/churches-in-the-thick-of-covid-19-fight-al-church-sets-up-testing-site-sc-pastors-wife-stricken-by-virus", 2
"https://www.buzzfeednews.com/article/adolfoflores/supreme-court-family-cant-sue-border-patrol-mexico-border", -2
"https://www.foxnews.com/politics/chief-justice-roberts-rare-rebuke-schumer-calling-comments-kavanaugh-gorsuch-dangerous", 1
"https://www.foxnews.com/world/ukrainian-airplane-shot-down-by-mistake-by-iranian-anti-aircraft-missile-pentagon-officials-believe", 1
"https://www.newyorker.com/tech/annals-of-technology/how-3-d-printers-are-helping-to-fight-the-coronavirus", -2
"https://ijr.com/john-roberts-schumer-rare-rebuke/", 1
"https://www.nationalreview.com/2019/10/prescription-drug-pricing-reduction-act-bipartisan-plan-make-prescription-drugs-affordable/", 2
"https://www.nbcnews.com/think/opinion/show-love-irish-st-patrick-s-day-give-them-green-ncna1161036", -1
"https://www.washingtonpost.com/local/virginia-politics/virginia-senate-approves-red-flag-law-allowing-temporary-seizure-of-guns-from-someone-deemed-a-threat/2020/01/22/46dc124c-3d2d-11ea-b90d-5652806c3b3a_story.html", -1
"https://www.politico.com/news/2020/02/14/us-taliban-afghan-truce-agreement-115225", -1
"https://www.washingtonexaminer.com/news/a-25b-us-counter-drug-smuggling-operation-quietly-thrives-far-south-of-the-border", 1
"https://www.nationalreview.com/news/ag-william-barr-reinstates-federal-death-penalty-after-16-year-hiatus/", 2
"https://reason.com/2019/09/25/the-house-just-voted-to-let-marijuana-businesses-legally-use-banks/", 1
"https://www.breitbart.com/politics/2020/04/01/donald-trump-responds-to-illegals-not-getting-stimulus-checks-they-came-in-illegally/", 2
"http://www.breitbart.com/california/2016/05/08/exclusive-vicente-fox-blames-u-s-drug-war-says-violence-produced/", 2
"https://www.foxnews.com/media/bloomberg-news-china-corruption-journalists-silenced", 1
"https://pjmedia.com/trending/as-easter-services-are-canceled-churchs-struggle-to-stay-afloat-financially/", 2
"https://www.vice.com/en_us/article/wxe7m4/coronavirus-will-make-this-a-very-hard-year-for-nba-nhl-nfl-mlb-soccer-sports-fans", -2
"https://www.bet.com/news/national/2020/04/14/obama-endorses-biden-for-president-in-announcement.html", -1
"https://nypost.com/2020/04/12/trump-has-declared-major-disaster-in-all-50-states-at-once-first-time-in-history/?utm_medium=SocialFlow&utm_source=NYPTwitter&utm_campaign=SocialFlow", 2
"https://www.aljazeera.com/news/2019/12/gadhimai-nepal-prepares-mass-animal-sacrifice-outcry-191203031021298.html", -1
"https://www.newsmax.com/us/pandemic-deaths-confirmed-cases/2020/03/26/id/960111/", 1
"http://www.vox.com/2017/4/29/15479488/donald-trump-michelle-obama-school-lunch-menu-labels", -2
"https://www.propublica.org/article/the-irs-tried-to-crack-down-on-rich-people-using-an-abusive-tax-deduction-it-hasnt-gone-so-well", -1
"https://www.politico.com/news/2020/02/10/judge-cancels-michael-flynn-sentencing-113309", -1
"https://www.washingtonexaminer.com/policy/defense-national-security/treasury-sanctions-russian-spies-over-election-interference-in-us-and-europe", 1
"https://time.com/5816861/trump-sidelines-watchdog-coronavirus-board/", -1
"https://www.propublica.org/article/congress-is-investigating-whether-a-ventilator-company-is-gouging-the-us-and-why-the-government-is-letting-it-happen", -1
"https://www.washingtonexaminer.com/news/biden-calls-for-green-deal-stimulus-in-the-next-round", 1
"https://www.vice.com/en_us/article/939kxa/some-things-we-could-have-done-with-the-billions-wasted-on-a-broken-f-35", -2
"https://www.theguardian.com/environment/2020/jan/30/uk-sued-for-approving-europes-biggest-gas-power-station", -1
"https://www.latimes.com/homeless-housing/story/2020-04-09/california-low-income-housing-expensive-apartment-coronavirus", -1
"https://www.nationalreview.com/2020/03/great-coronavirus-war-stay-calm-rational-easily-defeat-enemy/", 2
"https://www.nbcnews.com/politics/justice-department/trump-associate-roger-stone-sentenced-3-years-4-months-prison-n1138516", -1
"http://www.politico.com/story/2015/07/gop-senators-not-drawing-2016-tea-party-challenges-119828.html?hp=t1_r", -1
"https://www.washingtonpost.com/opinions/2020/03/11/south-korea-shows-that-democracies-can-succeed-against-coronavirus/", -1
"https://www.nbcnews.com/politics/donald-trump/trump-predicting-rapid-economic-recovery-experts-say-it-s-not-n1184496", -1
"https://www.vox.com/2020/4/16/21127501/chris-murphy-foreign-policy-coronavirus-trump", -2
"https://thedispatch.com/p/how-this-pandemic-proves-the-wisdom", 1
"https://www.vox.com/2020/4/9/21214800/senate-democrats-block-small-business-funding-paycheck-protection-program", -2
"https://www.aljazeera.com/news/2020/03/korea-fires-missiles-coronavirus-pandemic-200329043852437.html", -1
"https://dailycaller.com/2020/01/14/burisma-russia-donald-trump/", 2
"https://www.thedailybeast.com/feds-tell-ex-nfl-star-to-stop-saying-his-weed-can-cure-coronavirus?ref=home", -2
"https://thefederalist.com/2020/01/21/the-san-francisco-mess-proves-decriminalizing-drugs-doesnt-work/", 2
"https://www.washingtonpost.com/opinions/2020/04/07/after-this-pandemic-passes-america-needs-reckoning-with-its-national-security/", -1
"https://dailycaller.com/2020/04/08/national-center-for-medical-intelligence-director-counters-abc-coronavirus/", 2
"https://www.washingtonpost.com/opinions/2020/04/14/state-department-cables-warned-safety-issues-wuhan-lab-studying-bat-coronaviruses/", -1
"https://www.washingtonexaminer.com/news/federal-judge-rules-wisconsin-primary-can-proceed", 1
"https://dailycaller.com/2020/02/13/hope-hicks-white-house-trump/", 2
"https://www.foxnews.com/us/us-coronavirus-death-toll-passing-italy", 1
"https://www.politico.com/news/2020/04/07/kushner-coronavirus-surveillance-174165", -1
"https://www.breitbart.com/politics/2020/04/06/fcc-rejects-petition-that-would-have-dangerously-curtailed-free-speech/", 2
"https://www.dailywire.com/news/ted-cruz-must-be-consequences-for-chinas-silencing-of-whistleblowers-coverup", 2
"https://www.marketwatch.com/story/weed-stocks-rally-on-last-day-of-a-brutal-year-2019-12-31", 1
"https://www.newsmax.com/andrewnapolitano/rogerstone-trial/2020/02/20/id/954904/", 2
"https://freebeacon.com/politics/sanders-and-biden-falsely-claim-they-are-not-supported-by-super-pacs/", 2
"https://www.propublica.org/article/the-fda-is-forcing-the-cdc-to-waste-time-double-testing-some-coronavirus-cases", -1
"https://townhall.com/tipsheet/reaganmccarthy/2020/04/15/sbas-ppp-about-to-run-out-of-n2566994", 2
"https://www.newsmax.com/newsfront/vfwtrumptroopsinjuries/2020/01/24/id/951251/", 1
"https://www.washingtonpost.com/health/2020/03/27/coronavirus-testing-us/", -1
"https://www.foxnews.com/politics/trump-newsom-california-homeless-crisis-federal-intervention", 1
"https://townhall.com/tipsheet/leahbarkoukis/2019/12/27/california-governor-tries-blaming-federal-govt-for-homeless-problem-n2558590", 2
"https://www.newsmax.com/andrewnapolitano/fourth-amendment-federal-agents/2020/03/05/id/956998/", 2
"https://www.cnn.com/2020/03/10/politics/iraq-marines-killed/index.html", -1
"https://www.salon.com/2020/04/06/everything-we-know-about-coronavirus-and-your-pets/", -2
"https://www.bet.com/news/national/2020/03/20/baltimore-prosecutor-certain-criminal-charges-dropped-covid-19.html", -1
"https://www.nytimes.com/2020/03/12/world/coronavirus-news.html?action=click&module=Spotlight&pgtype=Homepage", -1
"https://reason.com/2020/04/07/to-enforce-social-distancing-rules-cops-fined-a-pennsylvania-woman-who-was-driving-alone/", 1
"https://www.theblaze.com/news/dem-lawmakers-demand-homeland-security-releases-all-non-violent-illegal-immigrants-into-us", 2
"https://www.washingtontimes.com/news/2020/mar/20/mexican-illegal-immigrant-dies-in-dhs-custody-afte/", 1
"https://www.foxnews.com/politics/report-hillary-clinton-emails-violations-faults", 1
"http://www.washingtontimes.com/news/2014/aug/6/obama-african-ebola-outbreak-can-be-overcome/", 1
"https://www.theguardian.com/us-news/2020/apr/13/peter-navarro-trump-coronavirus-cbs-60-minutes", -1
"https://www.bostonglobe.com/2020/04/16/lifestyle/through-new-site-health-care-workers-can-find-mental-health-counseling-free/", -1
"https://thefederalist.com/2019/12/26/if-the-fbis-contempt-for-the-law-is-not-reined-in-its-abuses-will-get-worse/", 2
"https://www.vice.com/en_us/article/qjdqbm/open-covid-pledge-to-fight-coronavirus", -2
"https://www.aljazeera.com/news/2020/03/erdogan-putin-announce-idlib-ceasefire-moscow-meeting-200305172818996.html", -1
"https://www.nytimes.com/2020/04/03/opinion/coronavirus-crozier-roosevelt.html", -2
"https://www.washingtontimes.com/news/2020/apr/5/donald-trump-nancy-pelosi-clash-over-mail-voting-c/", 1
"https://www.washingtonpost.com/national-security/us-intelligence-reports-from-january-and-february-warned-about-a-likely-pandemic/2020/03/20/299d8cda-6ad5-11ea-b5f1-a5a804158597_story.html", -1
"https://www.thecollegefix.com/free-speech-group-u-california-system-cannot-ban-term-chinese-virus/", 2
"https://www.dailywire.com/news/five-current-former-new-jersey-public-officials-arrested-for-bribery", 2
"https://www.motherjones.com/crime-justice/2020/03/new-york-state-has-prisoners-making-hand-sanitizer-its-unclear-if-prisoners-can-use-it/", -2
"http://www.salon.com/2016/10/12/trapped-by-trump-how-the-tea-partys-glorious-victories-created-the-gops-current-nightmare/", -2
"https://reason.com/blog/2018/12/11/epa-proposed-rule-confines-the-waters-of", 1
"https://www.washingtontimes.com/news/2018/may/15/north-korea-cancels-talks-south-threatens-pull-out/", 1
"https://www.theguardian.com/us-news/2020/apr/10/william-barr-donald-trump-russia-investigation-fbi-sabotage", -1
"https://www.newsmax.com/politics/bolton-north-korea-trump-nuclear/2019/12/22/id/947011/", 1
"https://townhall.com/columnists/katieyoder/2020/04/12/5-heartwarming-easter-stories-during-the-coronavirus-n2566729", 2
"https://www.theguardian.com/world/live/2020/apr/07/coronavirus-live-news-boris-johnson-intensive-care-uk-donald-trump-america-us-praying-recovery-latest-updates", -1
"https://www1.cbn.com/cbnnews/israel/2020/march/netanyahu-wins-stunning-victory-against-political-rival-in-israels-unprecedented-third-election-nbsp", 2
"https://www.nytimes.com/2017/11/12/us/nsa-shadow-brokers.html?hp&action=click&pgtype=Homepage&clickSource=story-heading&module=first-column-region®ion=top-news&WT.nav=top-news", -1
"https://www.mediamatters.org/fox-news/over-three-days-week-fox-news-promoted-antimalarial-drug-treatment-coronavirus-over-100", -2
"https://reason.com/2020/04/03/coronavirus-trauma-resilient-covid-19-parents-kids/", 1
"https://www.latimes.com/politics/story/2020-03-25/vote-senate-on-2-trillion-economic-stimulus-package-coronavirus", -1
"https://www.dailymail.co.uk/sciencetech/article-7992751/2019-global-CO2-emissions-match-time-high-2018-cuts-emissions.html", 2
"https://news.yahoo.com/exclusive-russia-carried-out-a-stunning-breach-of-fbi-communications-system-escalating-the-spy-game-on-us-soil-090024212.html", -1
"https://townhall.com/tipsheet/katiepavlich/2020/04/16/new-fisa-abusegrassley-n2567020", 2
"https://www.nytimes.com/2020/02/19/us/politics/trump-barr-justice-department.html", -1
"https://townhall.com/tipsheet/katiepavlich/2020/04/14/its-looking-very-likely-wuhan-coronavirus-came-from-a-lab-bat-n2566874", 2
"https://www.politifact.com/factchecks/2020/apr/13/donald-trump/trumps-false-claim-its-him-not-governors-open-stat/", -1
"https://www.latimes.com/science/story/2020-04-02/coronavirus-trump-pandemic-program-viruses-detection", -1
"https://www.theguardian.com/world/2020/apr/17/china-economy-shrinks-record-wuhan-covid-19-death-toll-rises-50-percent", -1
"https://www.aljazeera.com/news/2020/03/pompeo-meets-political-rivals-kabul-break-deadlock-200323083442586.html", -1
"https://www.nytimes.com/2020/02/06/opinion/transgender-children-medical-bills.html", -2
"https://www.marketwatch.com/story/stock-futures-bounce-after-ugly-start-to-2nd-quarter-crude-oil-rebounds-2020-04-02", 1
"https://www.washingtonexaminer.com/news/appeals-court-rules-doj-must-disclose-secret-mueller-grand-jury-details-to-house-democrats", 1
"https://www.dailymail.co.uk/news/article-7399647/Incoming-Harvard-freshman-deported-visa-revoked-Boston-airport.html", 2
"https://www.washingtonexaminer.com/opinion/reopening-the-country-will-work-if-we-dont-let-partisanship-divide-us", 1
"https://www.cnn.com/2020/03/16/politics/trump-administration-nationwide-curfew-coronavirus/index.html", -1
"https://www.dailywire.com/news/breaking-trump-campaign-sues-cnn", 2
"https://www.newsweek.com/gop-governors-contradict-trumps-claim-that-president-will-decide-if-states-reopen-this-will-1497613", -1
"https://reason.com/2020/02/26/supreme-court-weighs-free-speech-and-the-right-to-encourage-illegal-immigration/", 1
"https://chicago.suntimes.com/columnists/2020/1/2/21046687/mass-shootings-antisemitism-american-politics-s-e-cupp", 1
"https://www.nytimes.com/2019/12/30/us/white-supremacy-moonshot-google-ads.html?action=click&module=Top%20Stories&pgtype=Homepage", -1
"http://time.com/4741547/tax-march-nyc-trump-returns-tea-party/", -1
"https://freebeacon.com/coronavirus/senate-dems-block-emergency-relief-for-small-businesses/", 2
"https://dailycaller.com/2020/04/10/minneapolis-illegal-migrants-coronavirus-funds/", 2
"https://nypost.com/2020/04/13/trump-says-he-has-authority-to-reopen-economy-not-governors/", 2
"https://dailycaller.com/2020/03/12/donald-trump-nancy-pelosi-coronavirus-stimulus-hyde-amendment-abortion-funding-white-house-allegations/", 2
"https://nypost.com/2020/01/02/how-the-left-may-end-run-constitution-to-impose-equal-rights-amendment/", 2
"https://www.economist.com/leaders/2020/02/27/the-case-for-free-speech-at-work", -1
"https://reason.com/2020/03/05/she-said-he-said-he-saw-demons-then-he-had-to-give-up-his-guns/", 1
"https://theweek.com/articles/902706/congress-needs-spend-1-trillion-coronavirus-stimulus-heres-how-should", -2
"https://www.nationalreview.com/2020/03/coronavirus-pandemic-response-law-liberty-in-emergency/", 2
"https://www.economist.com/europe/2020/03/10/a-constitutional-ploy-may-keep-vladimir-putin-in-power-until-2036", -1
"https://nypost.com/2020/03/17/feds-will-deploy-army-corps-of-engineers-to-ny-first-mark-esper-says/", 2
"https://www.washingtontimes.com/news/2020/apr/16/nancy-pelosi-delays-violence-against-women-act-rea/", 1
"https://www.cnn.com/2020/04/16/politics/donald-trump-reopening-guidelines-coronavirus/index.html", -1
"https://www.buzzfeednews.com/article/hamedaleaziz/coronavirus-derails-citizenship-oath-immigrants", -2
"https://www.politico.com/story/2019/04/23/donald-trump-tax-returns-deadline-1288760", -1
"https://www.nationalreview.com/news/federal-judge-orders-profits-from-snowden-book-to-go-to-u-s-government/", 2
"https://www.newsweek.com/rep-rashida-tlaib-detained-police-protest-against-delta-airlines-detroit-airport-1487458", -1
"https://www1.cbn.com/cbnnews/israel/2019/december/netanyahu-wins-landslide-victory-in-likud-primary", 2
"https://www.foxnews.com/politics/obama-administration-sought-to-cut-ppe-stockpile-biden-gop", 1
"https://www.propublica.org/article/the-iowa-caucuses-app-had-another-problem-it-could-have-been-hacked", -1
"https://www.mediaite.com/politics/alyssa-milano-sparks-backlash-for-hypocritical-defense-of-joe-biden-amid-allegation-you-are-a-fraud/", -1
"https://www.aljazeera.com/news/2020/03/conducts-air-strike-taliban-peace-deal-200304085937305.html", -1
"https://www.thedailybeast.com/trump-properties-charged-secret-service-dollar650-a-night-says-report?ref=wrap", -2
"https://thedispatch.com/p/how-states-can-make-voting-by-mail", 1
"https://www.vox.com/recode/2020/4/13/21214114/media-coronavirus-pandemic-coverage-cdc-should-you-wear-masks", -2
"https://www.breitbart.com/politics/2020/02/07/u-s-airlines-worry-greta-thunbergs-flight-shame-campaign-could-hurt-industry/", 2
"https://reason.com/2020/04/15/people-not-politicians-will-decide-when-the-coronavirus-shutdown-ends/", 1
"https://nypost.com/2020/04/14/coronavirus-may-lead-to-worst-recession-since-great-depression-imf/", 2
"https://www.dailymail.co.uk/news/article-8193359/Boris-Johnson-taken-intensive-care.html", 2
"https://www.vice.com/en_us/article/epg85a/fda-refuses-to-improve-abortion-pill-access-under-coronavirus", -2
"https://www.foxnews.com/politics/doj-wont-pursue-criminal-charges-against-mccabe", 1
"https://www.nbcnews.com/politics/congress/house-members-race-back-washington-amid-fears-2-trillion-bill-n1170051", -1
"https://www.theatlantic.com/ideas/archive/2019/12/donald-trumps-gangster-white-house/604216/", -1
"https://www.nbcnews.com/politics/national-security/trump-pushed-cia-find-kill-osama-bin-laden-s-son-n1135101", -1
"https://www.politico.com/news/2020/03/10/senate-clashes-federal-election-watchdog-125094", -1
"https://www.washingtonexaminer.com/opinion/dont-throw-scott-pruitt-to-the-partisan-wolves", 1
"https://www.washingtonpost.com/business/2020/04/16/unemployment-claims-coronavirus/", -1
"https://www.dailywire.com/news/apple-and-google-join-forces-to-track-your-movements-during-coronavirus", 2
"https://www.nytimes.com/2020/04/07/opinion/digital-privacy-coronavirus.html?action=click&module=Opinion&pgtype=Homepage", -2
"https://reason.com/video/aaron-sandusky-has-spent-7-years-in-prison-for-selling-medical-marijuana/", 1
"https://nypost.com/2020/04/11/coronavirus-vaccine-is-six-months-away-lead-researcher-says/", 2
"https://www.thedailybeast.com/supporter-who-trump-mocked-as-fat-says-everythings-good-i-love-the-guy?ref=home", -2
"https://reason.com/2020/04/10/jerry-falwell-jr-has-a-free-speech-problem/", 1
"https://www.washingtonexaminer.com/news/bolton-my-testimony-would-have-made-no-difference-in-partisan-impeachment-process", 1
"https://www.foxnews.com/politics/trump-middle-east-peace-plan-includes-two-state-solution-tunnel-to-connect-west-bank-and-gaza-strip", 1
"https://theintercept.com/2020/03/15/african-nations-turn-the-tables-imposing-travel-restrictions-against-u-s-europe-and-china-to-stave-off-coronavirus/", -2
"https://www.washingtontimes.com/news/2019/aug/21/trump-signing-order-wipe-out-student-loan-debt-dis/", 1
"https://nypost.com/2020/04/16/trump-unveils-opening-up-america-plan-aims-for-may-1/", 2
"https://dailycaller.com/2020/04/17/house-freedom-caucus-letter-trump-reopen-economy/", 2
"https://www.marketwatch.com/story/you-call-this-a-trade-deal-2019-12-13?ns=prod/accounts-mw", 1
"https://www.motherjones.com/politics/2020/03/donald-trump-signals-he-might-sacrifice-thousands-of-americans-to-restart-the-economy/", -2
"https://www.nationalreview.com/2020/03/nuclear-power-progressives-should-reconsider-opposition/", 2
"https://news.yahoo.com/sunlight-destroys-coronavirus-very-quickly-new-government-tests-find-but-experts-say-pandemic-could-still-last-through-summer-200745675.html", -1
"https://jacobinmag.com/2020/01/social-security-medicare-joe-biden-record-sanders", -2
"https://www.washingtonpost.com/climate-environment/2020/03/26/coronavirus-national-parks/", -1
"https://www.washingtontimes.com/news/2020/apr/3/alexandria-ocasio-cortez-wants-covid-19-reparation/", 1
"https://www.washingtonpost.com/opinions/2020/04/09/everything-is-different-hospitals-except-most-important-thing/?itid=sf_opinions", -1
"https://www.newsmax.com/politics/trump-impeachment-pompeo/2019/12/02/id/944065/", 1
"https://www.nationalreview.com/news/whistleblower-filed-report-with-cia-before-submitting-complaint/", 2
"https://www.nytimes.com/2019/06/30/us/politics/moderate-house-tea-party.html", -1
"http://www.theblaze.com/stories/2015/11/03/tea-party-favorite-matt-bevin-elected-governor-of-kentucky/", 2
"https://nypost.com/2019/11/26/trump-signs-federal-ban-on-animal-cruelty/", 2
"https://www.nbcnews.com/politics/politics-news/rudy-giuliani-butt-dials-nbc-reporter-heard-discussing-need-cash-n1071901", -1
"https://www.propublica.org/article/voting-by-mail-would-reduce-coronavirus-transmission-but-it-has-other-risks", -1
"https://dailycaller.com/2020/03/15/coronavirus-joe-biden-bernie-sanders-debate-woman-vice-president/", 2
"https://www.washingtonexaminer.com/news/us-launches-airstrikes-on-iranian-backed-militias-sources", 1
"https://www.propublica.org/article/the-state-department-uses-a-watchlist-to-regulate-gun-exports-commerce-just-got-some-of-that-power-but-hasnt-gotten-the-whole-list", -1
"https://www.theamericanconservative.com/larison/have-we-learned-anything-from-the-iraq-war/", 1
"https://www.huffpost.com/entry/domestic-abuse-coronavirus-senators-trump_n_5e7b87bdc5b6b7d80959bb65", -2
"https://www.washingtonpost.com/politics/wisconsin-legislature-comes-under-fire-for-unconscionable-decision-to-hold-primary-amid-coronavirus-pandemic/2020/04/05/06016460-7780-11ea-9bee-c5bf9d2e3288_story.html", -1
"https://m.washingtontimes.com/news/2020/apr/15/andrew-cuomo-gavin-newsom-democratic-governors-pil/", 1
"https://www.dailywire.com/news/patriots-owner-bob-kraft-flies-almost-2-million-masks-to-u-s-from-china", 2
"http://www.foxnews.com/politics/2018/04/28/trump-hails-ongoing-negotiations-after-historic-koreas-summit-says-meeting-with-kim-being-set.html", 1
"https://dailycaller.com/2020/03/08/christopher-steele-durham-not-cooperate/", 2
"https://www.politifact.com/factchecks/2020/mar/24/facebook-posts/post-leans-flawed-numbers-compare-number-abortions/", -1
"http://dailywire.com/news/keith-ellison-claims-bernie-bros-are-not-violent-steve-scalise-responds-with-a-zinger", 2
"https://www.theblaze.com/news/migrants-are-waiting-out-trump-hope-dem-is-elected", 2
"https://www.ocregister.com/2019/10/28/power-outage-map-where-southern-california-edison-has-cut-electricity-or-is-considering/", 1
"https://www.buzzfeednews.com/article/dominicholden/supreme-court-delaying-arguments-video-conference", -2
"https://www.theguardian.com/world/2020/mar/07/tijuana-mexico-femicide-backlash-women-protestors-and-activists", -1
"https://www.washingtonpost.com/national-security/trump-administration-says-israels-west-bank-settlements-do-not-violate-international-law/2019/11/18/38cdbb96-0a39-11ea-bd9d-c628fd48b3a0_story.html", -1
"https://www.nytimes.com/2020/01/15/business/china-technology-transfer.html", -1
"https://www.nytimes.com/2020/04/12/us/politics/joe-biden-tara-reade-sexual-assault-complaint.html", -1
"https://thefederalist.com/2019/12/16/how-to-turn-the-reviving-north-korea-crisis-into-a-triumph-for-both-nations/", 2
"https://townhall.com/tipsheet/katiepavlich/2020/02/18/breaking-pompeo-responds-to-reports-democrats-secretly-met-with-iranian-terrorist-in-germany-n2561462", 2
"https://www.latimes.com/politics/story/2020-01-29/trump-signs-usmca-deal-latest-in-counter-impeachment-blitz", -1
"https://reason.com/2020/04/13/coronavirus-parenting-school-covid-19-learning/", 1
"https://nypost.com/2019/11/26/melania-trump-gets-boos-cheers-at-baltimore-youth-opioid-summit/", 2
"https://www.propublica.org/article/9-11-investigation-saudi-connections-operation-encore-fbi", -1
"https://www.nytimes.com/2020/03/25/opinion/coronavirus-stimulus-senate.html?action=click&module=Opinion&pgtype=Homepage", -2
"https://reason.com/2019/11/12/this-groundbreaking-fda-approved-study-will-use-marijuana-produced-by-a-u-s-company/", 1
"https://www.nydailynews.com/news/politics/ny-bolton-testify-trump-impeachment-trial-20200106-lu7ivjktv5dgjdnouml4c56l6u-story.html", -2
"https://www.vice.com/en_us/article/pkebkg/trump-says-the-us-has-destroyed-100-of-isis-it-hasnt", -2
"https://jacobinmag.com/2020/03/coronavirus-crisis-political-politicize-austerity-stimulus", -2
"http://washingtonexaminer.com/news/nih-releases-footage-of-horrific-taxpayer-funded-primate-experiments-after-lawsuit", 1
"https://slate.com/news-and-politics/2020/04/donald-trump-threatens-adjourn-congress-power-grab.html", -2
"https://www.vox.com/2020/3/6/21166338/elizabeth-warren-loss-2020-primary-sexism", -2
"https://www.huffpost.com/entry/acting-navy-secretary-thomas-modly-offers-to-resign_n_5e8cd044c5b6e1a2e0fb27ef", -2
"https://www.washingtonexaminer.com/news/congress/democrats-phase-four-coronavirus-legislation-must-reopen-healthcare-exchanges", 1
"https://thedispatch.com/p/heres-one-way-to-provide-small-businesses", 1
"https://www.thedailybeast.com/the-heroes-who-put-food-on-your-table-dont-eat-if-they-dont-work?ref=topic", -2
"https://www.cbsnews.com/news/coronavirus-stimulus-bill-phase-4-congress-democrats-trump-infrastructure/", -1
"https://www.westernjournal.com/house-republicans-push-bill-take-back-25-million-kennedy-center-received-coronavirus-bill/", 2
"https://www.politifact.com/article/2020/apr/10/week-fact-checking-race-vaccine-cpaps-and-coronavi/", -1
"https://www.vice.com/en_us/article/8847qb/uber-asks-us-government-to-give-its-workers-health-insurance", -2
"https://www.washingtonexaminer.com/opinion/how-the-coronavirus-could-change-our-politics", 1
"https://www.theweek.com/articles/908900/trump-taking-credit-stimulus-checks-good-politics", -2
"https://www.nytimes.com/2020/04/01/us/politics/hannity-limbaugh-trump-coronavirus.html", -1
"http://www.foxnews.com/politics/2014/02/14/california-bill-would-require-warning-labels-on-sugary-drinks/", 1
"https://www.motherjones.com/politics/2020/02/aipac-conference-to-feature-anti-immigrant-chancellor-of-austria/", -2
"https://www.motherjones.com/coronavirus-updates/2020/04/covid-19-has-infected-and-killed-black-people-at-alarming-rates-this-data-proves-it/", -2
"https://www.deseret.com/entertainment/2020/3/24/21192988/netflix-ted-sarandos-massive-disruption-cnn-covid19-coronavirus-streaming", 1
"https://www.washingtonpost.com/healthinclude/e-therapy-apps-see-booming-business-since-coronavirus-pandemic-i-gave-one-a-try/2020/03/27/985682c4-6d20-11ea-a3ec-70d7479d83f0_story.html", -1
"https://www.usatoday.com/story/opinion/2020/04/08/biden-get-coronavirus-relief-to-families-small-business-column/2963385001/", -1
"https://www.foxnews.com/media/andrew-napolitano-weinstein-verdict-monumental-setback", 1
"https://www.motherjones.com/environment/2019/12/in-rural-colorado-the-kids-of-coal-miners-learn-to-install-solar-panels/", -2
"https://nymag.com/intelligencer/2020/04/bernie-sanders-political-revolution-coronavirus-covid-19.html", -2
"https://www.mediamatters.org/coronavirus-covid-19/75-cable-news-appearances-members-trumps-coronavirus-task-force-have-been-fox", -2
"https://www.dailymail.co.uk/news/article-8033121/Joe-Biden-mistakenly-calls-late-son-Beau-United-States-Attorney-General-town-hall-meeting.html", 2
"https://www.nationalreview.com/2020/04/alyssa-milano-discovers-due-process/", 2
"https://www.foxnews.com/opinion/tucker-carlson-elizabeth-warren-identity-politics-campaign", 2
"https://www.theblaze.com/news/aclu-sues-texas-towns-that-declared-themselves-sanctuary-cities-for-unborn-children", 2
"https://www.theguardian.com/us-news/2020/mar/05/martin-luther-king-jr-son-rally-halt-alabama-execution-nathaniel-woods", -1
"https://www.marketwatch.com/story/fauci-says-he-thinks-schools-will-be-able-to-reopen-in-the-fall-2020-04-07?mod=newsviewer_click", 1
"https://news.yahoo.com/abbas-says-palestinians-cutting-ties-israel-us-155754940.html", -1
"https://www.nytimes.com/2020/02/06/upshot/iowa-caucuses-errors-results.html?action=click&module=Top%20Stories&pgtype=Homepage", -1
"https://www.nationalreview.com/2020/01/elizabeth-warren-fracking-ban-would-harm-environment/", 2
"https://dailycaller.com/2020/03/27/abortion-coronavirus-pro-life-cotton/", 2
"https://www.aljazeera.com/ajimpact/india-pakistan-lift-virus-curbs-ease-economic-pain-200415071424458.html", -1
"https://www.thedailybeast.com/john-rood-who-warned-against-ukraine-aid-block-asked-to-resign-says-report", -2
"https://www.newsmax.com/andrewnapolitano/contagion-quarantine-trial/2020/03/12/id/957982/", 2
"https://spectator.org/the-moralizing-cuomo-brothers/", 2
"https://www.theguardian.com/world/2020/mar/23/can-a-face-mask-protect-me-from-coronavirus-covid-19-myths-busted", -1
"https://www.latimes.com/lifestyle/story/2020-04-15/how-to-help-your-marriage-survive-coronavirus", -1
"https://www.nytimes.com/2019/01/12/us/politics/veterans-administration-health-care-privatization.html", -1
"https://www.vice.com/en_us/article/wxe95w/interest-in-home-births-is-spiking-as-coronavirus-pandemic-complicates-labor-plans", -2
"https://www.theguardian.com/world/2020/apr/16/michigan-protest-coronavirus-rightwing-support", -1
"https://chicago.suntimes.com/2019/11/15/20966850/epa-environmental-protection-agency-chicago-cutbacks-polution-trump-chicago-midwest-sauget-veolia", -1
"https://www.washingtontimes.com/news/2019/dec/28/donald-trump-says-california-and-new-york-must-ask/", 1
"https://www.sacbee.com/news/california/water-and-drought/article240437356.html", -1
"https://www.foxnews.com/politics/melania-trump-silence-greta-thunberg", 1
"https://www.motherjones.com/politics/2020/03/the-supreme-court-keeps-handing-trump-immigration-victories-they-just-did-it-again/", -2
"https://www.dailywire.com/news/breaking-pence-announces-20-million-anti-body-coronavirus-tests-to-be-made-per-month", 2
"https://www.marketwatch.com/story/colin-kaepernick-i-want-to-tell-the-story-behind-taking-the-knee-2020-02-13?mod=home-page", 1
"https://www.motherjones.com/environment/2020/02/our-addiction-to-ride-sharing-apps-is-hurting-the-environment/", -2
"https://www.nationalreview.com/2020/01/the-equal-rights-un-amendment/", 2
"https://checkyourfact.com/2020/03/26/fact-check-phone-number-food-stamps-mike-jones/", 1
"https://www.buzzfeednews.com/article/scaachikoul/weed-dealers-weed-smokers-coronavirus", -2
"https://www.aljazeera.com/news/2020/03/pakistan-spike-coronavirus-cases-raises-quarantine-concerns-200316090946936.html", -1
"https://www.theatlantic.com/technology/archive/2020/04/how-youll-shop-for-groceries-after-the-pandemic/610135/", -1
"https://www.vice.com/en_us/article/jge3mp/a-bronx-hospital-is-demanding-psychiatrists-come-in-to-skype-patients", -2
"https://www.cnn.com/2019/02/01/politics/epa-new-board-members-climate-denier/index.html", -1
"https://www.washingtonpost.com/opinions/2020/04/10/we-are-never-alone/?arc404=true", -1
"https://www.nationalreview.com/2019/04/supreme-court-death-penalty-debate/", 1
"https://www.newsmax.com/newsfront/gallagher-navy-seal-new-york-times/2019/12/27/id/947462/", 1
"https://www.washingtonexaminer.com/news/us-spy-agencies-warned-trump-that-china-was-lying-about-coronavirus", 1
"https://www.foxnews.com/sports/tokyo-olympics-postponed-coronavirus", 1
"https://www.theblaze.com/news/pennsylvaniapennsylvania-shuts-down-gun-stores-coronavirus", 2
"https://www.cnn.com/politics/live-news/un-general-assembly-09-23-2019/h_1957a2c029304256fade71f0f72c1341", -1
"https://www.marketwatch.com/story/im-retired-and-claim-social-security-do-i-still-get-the-1200-stimulus-check-2020-03-27?mod=home-page", 1
"https://www.aljazeera.com/news/2020/04/india-hospital-segregates-muslim-hindu-coronavirus-patients-200416080547650.html", -1
"https://www.aljazeera.com/news/2020/03/benjamin-netanyahu-rivals-eye-government-200309142923204.html", -1
"https://www.huffpost.com/entry/senate-democrats-donald-trump-coronavirus-bill_n_5e7b77a6c5b62a1870d62d83", -2
"https://www.washingtonpost.com/dc-md-va/2020/03/22/evictions-coronavirus-renters-shelter-in-place/", -1
"https://www1.cbn.com/cbnnews/israel/2020/march/netanyahu-celebrates-biggest-win-of-my-life-but-still-short-of-majority-to-stay-in-power", 2
"https://www.cnn.com/2020/02/19/politics/donald-trump-pardons/index.html", -1
"https://reason.com/2019/10/18/georgia-man-executed/", 1
"https://www.foxnews.com/world/in-first-attack-since-peace-deal-us-military-says-it-conducted-airstrike-against-taliban-forces", 1
"https://www.washingtonpost.com/politics/2019/12/23/what-trump-was-talking-about-his-baffling-rant-about-wind-energy/", -1
"https://www.mediamatters.org/fox-news/fox-news-dangerous-coronavirus-mission-accomplished-moment", -2
"https://www.aljazeera.com/news/2020/02/afghanistan-taliban-sign-deal-america-longest-war-200213063412531.html", -1
"https://www.nydailynews.com/news/world/ny-us-official-north-korea-launched-one-short-range-projectile-20190724-vpf5yiibwvcmvdhmmtxcw33aza-story.html", -2
"https://reason.com/2020/01/13/gavin-newsom-homelessness-billion-dollars/", 1
"https://time.com/5670147/vaping-marijuana-lung-disease/", -1
"https://www.cnsnews.com/article/washington/terence-p-jeffrey/federal-debt-tops-24-trillion-first-time-gao-current-federal", 2
"https://www.vox.com/2020/1/16/21067782/usmca-senate-vote-trump-nafta-2-0-canada-mexico", -2
"https://www.cnn.com/2020/03/12/health/what-60-older-need-to-know-coronavirus-wellness-trnd/index.html", -1
"https://www.nationalreview.com/corner/the-power-of-medcoronavirus-pandemic-power-media-ignoranceia-ignorance/", 1
"https://reason.com/video/biohackers-are-on-a-secret-hunt-for-the-coronavirus-vaccine/", 1
"https://www.thedailybeast.com/trumps-name-will-be-emblazoned-on-stimulus-checks-which-will-likely-delay-them", -2
"https://www.motherjones.com/environment/2020/03/coronavirus-plastic-industry-bags/", -2
"https://www.breitbart.com/politics/2020/04/07/knights-of-columbus-launch-multi-million-dollar-food-bank-operation/", 2
"https://www.politico.com/news/2019/12/21/trump-north-korea-089107", -1
"https://reason.com/video/impossible-foods-capitalism-is-the-most-powerful-lever-to-fight-climate-change/", 1
"https://www.washingtontimes.com/news/2020/feb/19/john-rood-top-pentagon-official-resign/", 1
"https://quillette.com/2020/03/28/social-distancing-during-the-black-death/", 1
"https://www.arkansasonline.com/news/2019/nov/20/dna-test-shows-hunter-biden-father-arkansas-womans/", -2
"https://www.foxnews.com/science/coronavirus-has-stable-genome-study-vaccine-could-help-over-many-years", 1
"https://www.aljazeera.com/news/2020/02/trump-open-world-biggest-cricket-stadium-india-visit-200219075330580.html", -1
"https://www.newsmax.com/politics/mueller-redacted-appeals-judge/2020/03/10/id/957699/", 1
"https://theintercept.com/2020/02/06/border-wall-construction-organ-pipe/", -2
"https://townhall.com/tipsheet/katiepavlich/2020/04/13/president-trump-were-working-closely-with-governors-to-open-the-economy-n2566811", 2
"https://www.foxnews.com/opinion/jeannie-cunnion-why-we-shouldnt-keep-christ-in-christmas", 2
"https://nypost.com/2019/10/10/temperature-drops-more-than-50-degrees-as-all-out-blizzard-sets-sights-on-dakotas/", 2
"https://dailycaller.com/2020/02/21/florida-abortion-desantis-minors-parents/", 2
"https://chicagodefender.com/black-businesses-matter-but-will-they-get-fair-share-of-covid-19-aid-money/", -2
"https://www.newsbusters.org/blogs/nb/tim-graham/2020/04/17/column-late-night-comedians-rage-trump-marvel-pelosis-ice-cream", 2
"https://www.nytimes.com/interactive/2019/12/24/us/christmas-tree-farms-dying.html?action=click&module=Well&pgtype=Homepage§ion=US%20News", -1
"https://www.foxnews.com/politics/trump-calls-for-2t-infrastructure-bill-as-phase-4-of-coronavirus-response", 1
"https://www.marketwatch.com/story/britain-becomes-latest-country-in-lockdown-with-police-to-enforce-new-restrictions-2020-03-23", 1
"https://www.propublica.org/article/a-liars-testimony-convinced-a-jury-to-convict-a-man-of-murder-will-florida-execute-him-anyway", -1
"https://www.breitbart.com/politics/2020/03/31/trump-administration-finalizes-rollback-of-obama-gas-mileage-standards/", 2
"https://www.salon.com/2020/04/15/order-to-print-trumps-name-on-every-stimulus-check-expected-to-delay-payments-to-americans/", -2
"https://www.bostonglobe.com/2020/03/10/nation/harvard-mit-among-colleges-telling-students-stay-away/", -1
"https://www.theguardian.com/commentisfree/2020/mar/23/britain-covid-19-head-start-squandered", -1
"https://reason.com/2019/09/01/houstons-police-chief-insists-that-cops-who-executed-a-deadly-drug-raid-based-on-lies-had-probable-cause-to-be-there/", 1
"https://www.washingtonexaminer.com/policy/energy/epa-official-who-led-environmental-rule-rollbacks-resigns", 1
"https://reason.com/2020/02/21/newspaper-lobbyists-and-encryption-foes-join-the-chorus-against-section-230/", 1
"https://www.newsmax.com/politics/pelosi-oversight-coronavirus-relief/2020/04/02/id/961100/", 1
"https://www.politico.com/news/2020/03/20/coronavirus-campaign-fundraising-138381", -1
"https://www.washingtontimes.com/news/2020/jan/31/trump-expands-travel-ban-six-new-countries/", 1
"https://freebeacon.com/politics/tlaib-meets-with-members-of-terrorism-supporting-anti-israel-organization/", 2
"https://www.cnn.com/2020/04/11/health/us-coronavirus-updates-saturday/index.html", -1
"http://newsmax.com/finance/streettalk/pandemic-california-unemployment-jobs/2020/04/08/id/962003/", 1
"https://www.vice.com/en_ca/article/n7jp48/how-coronavirus-quarantine-can-trigger-relapse-for-people-in-recovery-addiction", -2
"http://theblaze.com/news/left-wing-uk-mayor-says-boris-johnson-completely-deserves-coronavirus--and-pays-big-price", 2
"https://nypost.com/2020/04/01/engineer-derailed-train-near-usns-mercy-over-conspiracy-theory/", 2
"https://thenationalpulse.com/coronavirus/ppe-usaid-masks-kazakhstan/", 2
"https://reason.com/2020/04/04/coronavirus-reveals-utter-sameness-of-democrats-and-republicans/", 1
"https://www.bostonglobe.com/2020/04/02/opinion/ban-alcohol-sales-during-pandemic/", -1
"https://www.nationalreview.com/2018/05/social-security-warning-future-benefits-bold-leadership-needed/", 2
"https://www.nbcnews.com/news/world/iran-pulling-out-nuclear-deal-following-u-s-strike-killed-n1110636", -1
"https://chicago.suntimes.com/columnists/2020/4/15/21222833/donald-trump-coronavirus-toxic-s-e-cupp-pandemic-presidential-election", 1
"https://www.theepochtimes.com/white-house-outlines-5g-security-strategy-warns-of-high-risk-vendors_3290199.html", 2
"https://www.foxnews.com/politics/trump-during-fox-news-coronavirus-townhall-signals-desire-to-ease-guidelines-we-have-to-get-back-to-work", 1
"https://www.foxnews.com/health/does-marijuana-use-heighten-coronavirus-risk", 1
"https://www.newsmax.com/patrickbuchanan/north-korea-trump-nuclear-war/2019/12/27/id/947526/", 2
"https://nypost.com/2019/09/27/used-and-dehumanized-hundreds-of-boys-found-chained-in-nigeria/", 2
"https://www.latimes.com/opinion/story/2020-03-30/census-coronavirus", -1
"https://checkyourfact.com/2020/04/15/fact-check-thieves-face-masked-doused-chemicals-rob-people/", 1
"https://www.cnn.com/2019/08/21/politics/us-defense-department-identity-theft/index.html", -1
"https://www.washingtontimes.com/news/2020/apr/6/ronna-mcdaniel-rnc-chair-accuses-democrats-exploit/", 1
"https://www.cnn.com/2020/02/23/politics/pete-buttigieg-denver-rally-moment/index.html", -1
"https://www.foxnews.com/entertainment/rose-mcgowan-eviscerates-alyssa-milano-for-backing-biden-amid-assault-claim-invokes-kavanaugh-hypocrisy", 1
"https://www.newsmax.com/newsfront/virus-outbreak-abortion/2020/04/14/id/962773/", 1
"https://www.nbcnews.com/news/us-news/least-11-dead-tornadoes-rip-through-south-n1182446", -1
"https://www.buzzfeednews.com/article/hamedaleaziz/gay-immigrants-asylum-guatemala-us-trump", -2
"https://www.aljazeera.com/news/2020/04/india-fears-coronavirus-outbreak-assam-detention-centres-200408075603980.html", -1
"https://www.bostonherald.com/2020/04/05/trump-suggests-firing-watchdog-was-payback-for-impeachment/", 1
"https://nypost.com/2020/04/06/a-pandemic-is-the-wrong-time-to-shut-down-nycs-top-source-of-electricity/", 2
"https://www.buzzfeed.com/tatianatenreyrowhitlock/kristen-bell-and-dax-shepard-waive-tenants-rent-fees-amid", -2
"https://www.propublica.org/article/turbotax-is-still-tricking-customers-with-tax-prep-ads-that-misuse-the-word-free", -1
"http://www.theblaze.com/stories/2014/01/09/does-billboard-ad-campaign-targeting-childhood-obesity-go-too-far/", 2
"https://freebeacon.com/politics/warren-gets-dark-money-help-in-florida/", 2
"http://www.latimes.com/business/hiltzik/la-fi-hiltzik-intercept-leak-20170606-story.html", -1
"https://www.dailykos.com/stories/2019/11/19/1900552/-South-Korea-signs-defense-agreement-with-China-after-Trump-s-negotiators-walk-out-on-US-Korea-talks?utm_campaign=trending", -2
"https://www.newsmax.com/newsfront/foreign-aid/2019/09/05/id/931306/", 1
"https://www.theepochtimes.com/supreme-court-to-hear-trump-administrations-appeal-about-endangered-species-report_3264710.html", 2
"https://checkyourfact.com/2020/04/14/fact-check-poem-time-pandemic-catherine-o-meara/", 1
"https://www.foxnews.com/politics/bloomberg-campaign-hit-with-fec-complaint-for-18-million-transfer-to-dnc", 1
"https://www.nytimes.com/2020/02/29/world/asia/trump-taliban.html", -1
"https://www.washingtonexaminer.com/news/taxpayer-funded-animal-experiments-tied-to-chinese-wet-markets-and-wuhan-laboratory", 1
"https://www.huffpost.com/entry/dhs-trusted-traveler-global-entry-new-yorkers_n_5e3b87f3c5b6bb0ffc0ae303", -2
"https://www.foxnews.com/us/man-in-arizona-accused-of-being-al-qaeda-leader-by-iraq-feds", 1
"https://www.dailymail.co.uk/news/article-7866007/Harry-Meghan-step-senior-royals-financially-independent.html", 2
"https://www.huffpost.com/entry/neal-katyal-trump-law-is-coming_n_5e4c9c24c5b65f25da511f1b", -2
"https://reason.com/2019/11/20/giving-government-vast-snooping-authority-is-one-thing-democrats-and-republicans-both-like/", 1
"https://www.foxnews.com/politics/nfl-greats-thank-trump-for-pardon-of-hall-of-fame-owner-eddie-debartolo-jr", 1
"https://www.currentaffairs.org/2020/04/should-we-just-open-the-borders", -2
"https://www.washingtonpost.com/politics/trump-seeks-to-bend-the-executive-branch-as-part-of-impeachment-vendetta/2020/02/12/8b712e18-4dc9-11ea-9b5c-eac5b16dafaa_story.html", -1
"https://www.washingtonexaminer.com/news/trump-says-he-will-ban-all-travel-from-europe-for-30-days", 1
"https://www.latimes.com/opinion/story/2020-02-21/how-to-protect-democracy-from-lawless-presidents-like-trump", -1
"https://www.newsmax.com/politics/vote-by-mail-mail-in-ballot-election/2020/04/16/id/963191/", 1
"https://www.washingtontimes.com/news/2020/mar/31/lindsey-graham-calls-china-shut-down-absolutely-di/", 1
"https://www.thedailybeast.com/3-us-firefighters-killed-in-plane-crash-while-battling-blazes-in-australia?via=twitter_page", -2
"https://www.newsmax.com/newsfront/ppe-masks-gloves-3m/2020/04/05/id/961483/", 1
"https://www.foxbusiness.com/economy/trumps-ethanol-move-is-good-news-for-motorists-pacific-ethanol-ceo", 1
"https://www.cnn.com/2020/03/04/politics/schumer-roberts-threats-supreme-court/index.html", -1
"https://nypost.com/2020/02/15/rashida-tlaib-detained-during-airline-workers-protest-at-detroit-airport/", 2
"https://www.vice.com/en_us/article/ywa5k5/philadelphias-planned-safe-injection-site-doesnt-violate-federal-drug-laws-judge-says", -2
"https://www.vox.com/2020/3/27/21195935/joe-biden-sexual-assault-allegation", -2
"https://www.nbcnews.com/politics/congress/what-s-2-trillion-coronavirus-bill-here-s-how-it-n1168536", -1
"https://abcnews.go.com/Politics/trump-calls-nuclear-deal-bashing-misinformation/story?id=68148374", -1
"https://www.nationalreview.com/news/biden-stumbles-through-televised-interview-on-coronavirus-response-you-know-theres-during-world-war-ii-you-know-where-roosevelt-came-up-with-a-thing/", 2
"https://www.foxnews.com/world/us-high-alert-christmas-gift-missile-north-korea", 1
"https://www.theatlantic.com/magazine/archive/2020/03/the-nuclear-family-was-a-mistake/605536/?utm_content=edit-promo&utm_term=2020-02-10T11%3A00%3A05&utm_campaign=the-atlantic&utm_source=twitter&utm_medium=social", 1
"https://www.foxnews.com/politics/most-americans-receive-coronavirus-checks-april-15", 1
"https://www.politicususa.com/2020/04/10/adam-schiff-and-kamala-harris-announce-bipartisan-coronavirus-response-commission-bill.html", -2
"https://townhall.com/tipsheet/bronsonstocking/2020/04/08/gov-newsom-says-coronavirus-data-doesnt-show-racial-disparities-n2566594", 2
"https://www.miamiherald.com/news/politics-government/article241165641.html", -1
"https://www.washingtonpost.com/business/on-small-business/trump-hosts-calls-on-reopening-us-drops-task-force-plan/2020/04/15/3605b144-7f63-11ea-84c2-0792d8591911_story.html", -1
"https://www.propublica.org/article/a-key-fbi-photo-analysis-method-has-serious-flaws-study-says", -1
"https://www.aljazeera.com/news/2020/03/gunmen-attack-sikh-religious-complex-kabul-interior-ministry-200325044905522.html", -1
"https://www.washingtonpost.com/opinions/2020/04/13/bernie-sanders-just-endorsed-joe-biden-now-comes-hard-part/", -1
"https://www.newsmax.com/newsfront/benstein-economist-stimulus-pandemic/2020/04/01/id/961001/", 1
"https://www.latimes.com/travel/story/2020-03-10/when-to-cancel-your-travel-plans-amid-coronavirus-fears", -1
